{
  "modId": "regions_unexplored",
  "silent": true,
  "group": {
    "name": "Regions Unexplored Saplings",
    "enabledByDefault": true,
    "defaultPayment": {
      "item": "minecraft:emerald"
    },
    "defaultCategory": "farmingforblockheads:saplings"
  },
  "customEntries": [
    {
      "output": {
        "item": "regions_unexplored:alpha_sapling"
      }
    },
    {
      "output": {
        "item": "regions_unexplored:apple_oak_sapling"
      }
    },
    {
      "output": {
        "item": "regions_unexplored:ashen_sapling"
      }
    },
    {
      "output": {
        "item": "regions_unexplored:bamboo_sapling"
      }
    },
    {
      "output": {
        "item": "regions_unexplored:baobab_sapling"
      }
    },
    {
      "output": {
        "item": "regions_unexplored:blackwood_sapling"
      }
    },
    {
      "output": {
        "item": "regions_unexplored:brimwood_sapling"
      }
    },
    {
      "output": {
        "item": "regions_unexplored:cactus_flower"
      }
    },
    {
      "output": {
        "item": "regions_unexplored:cobalt_sapling"
      }
    },
    {
      "output": {
        "item": "regions_unexplored:cypress_sapling"
      }
    },
    {
      "output": {
        "item": "regions_unexplored:dead_pine_sapling"
      }
    },
    {
      "output": {
        "item": "regions_unexplored:dead_sapling"
      }
    },
    {
      "output": {
        "item": "regions_unexplored:eucalyptus_sapling"
      }
    },
    {
      "output": {
        "item": "regions_unexplored:flowering_sapling"
      }
    },
    {
      "output": {
        "item": "regions_unexplored:joshua_sapling"
      }
    },
    {
      "output": {
        "item": "regions_unexplored:kapok_sapling"
      }
    },
    {
      "output": {
        "item": "regions_unexplored:larch_sapling"
      }
    },
    {
      "output": {
        "item": "regions_unexplored:golden_larch_sapling"
      }
    },
    {
      "output": {
        "item": "regions_unexplored:magnolia_sapling"
      }
    },
    {
      "output": {
        "item": "regions_unexplored:blue_magnolia_sapling"
      }
    },
    {
      "output": {
        "item": "regions_unexplored:pink_magnolia_sapling"
      }
    },
    {
      "output": {
        "item": "regions_unexplored:white_magnolia_sapling"
      }
    },
    {
      "output": {
        "item": "regions_unexplored:maple_sapling"
      }
    },
    {
      "output": {
        "item": "regions_unexplored:orange_maple_sapling"
      }
    },
    {
      "output": {
        "item": "regions_unexplored:red_maple_sapling"
      }
    },
    {
      "output": {
        "item": "regions_unexplored:mauve_sapling"
      }
    },
    {
      "output": {
        "item": "regions_unexplored:palm_sapling"
      }
    },
    {
      "output": {
        "item": "regions_unexplored:pine_sapling"
      }
    },
    {
      "output": {
        "item": "regions_unexplored:redwood_sapling"
      }
    },
    {
      "output": {
        "item": "regions_unexplored:silver_birch_sapling"
      }
    },
    {
      "output": {
        "item": "regions_unexplored:enchanted_birch_sapling"
      }
    },
    {
      "output": {
        "item": "regions_unexplored:socotra_sapling"
      }
    },
    {
      "output": {
        "item": "regions_unexplored:small_oak_sapling"
      }
    },
    {
      "output": {
        "item": "regions_unexplored:willow_sapling"
      }
    }
  ]
}